{
  "bpm": 126.04801829268293,
  "duration": 239.2826984126984,
  "bars": [
    0.801,
    2.705,
    4.609,
    6.513,
    8.417,
    10.321,
    12.225,
    14.141,
    16.057,
    17.961,
    19.876,
    21.78,
    23.684,
    25.588,
    27.492,
    29.396,
    31.277,
    33.181,
    35.085,
    36.989,
    38.893,
    40.797,
    42.713,
    44.617,
    46.51,
    48.425,
    50.329,
    52.233,
    54.137,
    56.041,
    57.957,
    59.849,
    61.753,
    63.646,
    65.562,
    67.466,
    69.37,
    71.274,
    73.178,
    75.0,
    76.997,
    78.89,
    80.805,
    82.709,
    84.614,
    86.518,
    88.422,
    90.326,
    92.23,
    94.134,
    96.038,
    97.942,
    99.846,
    101.75,
    103.654,
    105.558,
    107.474,
    109.378,
    111.282,
    113.174,
    115.09,
    116.994,
    118.909,
    120.802,
    122.706,
    124.61,
    126.514,
    128.418,
    130.334,
    132.226,
    134.13,
    136.057,
    137.95,
    139.842,
    141.758,
    143.662,
    145.566,
    147.47,
    149.374,
    151.278,
    153.182,
    155.086,
    156.99,
    158.894,
    160.798,
    162.702,
    164.606,
    166.522,
    168.426,
    170.33,
    172.234,
    174.138,
    176.042,
    177.946,
    179.862,
    181.754,
    183.681,
    185.574,
    187.49,
    189.382,
    191.286,
    193.19,
    195.094,
    196.998,
    198.902,
    200.806,
    202.71,
    204.614,
    206.518,
    208.422,
    210.326,
    212.23,
    214.111,
    216.015,
    217.966,
    219.87,
    221.751,
    223.655,
    225.559,
    227.463,
    229.367,
    231.271,
    233.175,
    235.079,
    236.774,
    238.678
  ]
}