{
  "bpm": 129.19921875,
  "duration": 219.56024943310658,
  "bars": [
    3.111,
    4.981,
    6.85,
    8.742,
    10.577,
    12.492,
    14.327,
    16.231,
    18.1,
    19.969,
    21.838,
    23.719,
    25.577,
    27.469,
    29.35,
    31.219,
    33.1,
    34.969,
    36.838,
    38.719,
    40.588,
    42.469,
    44.339,
    46.219,
    48.089,
    49.969,
    51.839,
    53.719,
    55.589,
    57.469,
    59.339,
    61.219,
    63.1,
    64.969,
    66.839,
    68.719,
    70.589,
    72.469,
    74.339,
    76.22,
    78.089,
    79.958,
    81.827,
    83.708,
    85.577,
    87.458,
    89.327,
    91.208,
    93.089,
    94.958,
    96.839,
    98.708,
    100.577,
    102.458,
    104.339,
    106.208,
    108.089,
    109.97,
    111.839,
    113.72,
    115.589,
    117.47,
    119.351,
    121.22,
    123.089,
    124.97,
    126.839,
    128.72,
    130.589,
    132.47,
    134.339,
    136.22,
    138.101,
    139.97,
    141.839,
    143.72,
    145.589,
    147.47,
    149.339,
    151.22,
    153.089,
    154.97,
    156.851,
    158.72,
    160.601,
    162.47,
    164.339,
    166.22,
    168.089,
    169.97,
    171.839,
    173.72,
    175.589,
    177.47,
    179.339,
    181.22,
    183.089,
    184.97,
    186.839,
    188.72,
    190.589,
    192.47,
    194.339,
    196.22,
    198.089,
    199.97,
    201.839,
    203.72,
    205.589,
    207.47,
    209.34,
    211.209,
    213.078,
    214.947,
    216.816,
    218.686
  ]
}