{
  "bpm": 120.18531976744185,
  "duration": 192.49342403628117,
  "bars": [
    0.836,
    2.833,
    4.818,
    6.827,
    8.789,
    10.832,
    12.829,
    14.838,
    16.834,
    18.831,
    20.701,
    22.581,
    24.578,
    26.587,
    28.572,
    30.581,
    32.578,
    34.586,
    36.583,
    38.58,
    40.577,
    42.585,
    44.582,
    46.347,
    48.332,
    50.341,
    52.338,
    54.335,
    56.332,
    58.34,
    60.337,
    62.334,
    64.331,
    66.072,
    68.069,
    70.078,
    72.086,
    74.083,
    76.08,
    78.077,
    80.086,
    82.083,
    84.079,
    86.088,
    88.085,
    90.082,
    92.079,
    94.076,
    96.084,
    98.081,
    100.078,
    102.075,
    104.083,
    105.941,
    107.833,
    109.83,
    111.839,
    113.836,
    115.833,
    117.841,
    119.838,
    121.835,
    123.832,
    125.829,
    127.837,
    129.834,
    131.831,
    133.84,
    135.837,
    137.845,
    139.831,
    141.839,
    143.836,
    145.81,
    147.783,
    149.827,
    151.835,
    153.832,
    155.829,
    157.838,
    159.835,
    161.831,
    163.828,
    165.837,
    167.822,
    169.575,
    171.584,
    173.581,
    175.578,
    177.575,
    179.583,
    181.58,
    183.577,
    185.574,
    187.571,
    189.568,
    191.565
  ]
}