{
  "bpm": 120.18531976744185,
  "duration": 222.4471655328798,
  "bars": [
    1.521,
    3.529,
    5.341,
    7.349,
    9.52,
    11.529,
    13.526,
    15.523,
    17.519,
    19.528,
    21.525,
    23.522,
    25.53,
    27.527,
    29.524,
    31.521,
    33.53,
    35.527,
    37.523,
    39.532,
    41.529,
    43.526,
    45.523,
    47.531,
    49.528,
    51.525,
    53.522,
    55.531,
    57.527,
    59.524,
    61.533,
    63.53,
    65.527,
    67.524,
    69.532,
    71.529,
    73.526,
    75.523,
    77.52,
    79.528,
    81.525,
    83.522,
    85.519,
    87.528,
    89.525,
    91.521,
    93.53,
    95.527,
    97.524,
    99.521,
    101.529,
    103.538,
    105.523,
    107.532,
    109.529,
    111.525,
    113.522,
    115.531,
    117.528,
    119.525,
    121.522,
    123.53,
    125.527,
    127.524,
    129.533,
    131.529,
    133.526,
    135.523,
    137.52,
    139.529,
    141.526,
    143.523,
    145.519,
    147.528,
    149.525,
    151.522,
    153.577,
    155.643,
    157.524,
    159.533,
    161.53,
    163.527,
    165.535,
    167.532,
    169.529,
    171.526,
    173.534,
    175.531,
    177.528,
    179.525,
    181.534,
    183.531,
    185.527,
    187.524,
    189.533,
    191.53,
    193.527,
    195.524,
    197.532,
    199.529,
    201.526,
    203.535,
    205.531,
    207.528,
    209.525,
    211.522,
    213.531,
    215.528,
    217.513,
    219.371,
    221.367
  ]
}