{
  "bpm": 120.18531976744185,
  "duration": 202.61732426303854,
  "bars": [
    1.974,
    3.982,
    5.979,
    8.011,
    9.985,
    11.947,
    13.944,
    15.94,
    17.937,
    19.946,
    21.943,
    23.94,
    25.948,
    27.945,
    29.942,
    31.939,
    33.982,
    35.817,
    37.698,
    39.695,
    41.691,
    43.7,
    45.697,
    47.694,
    49.946,
    51.943,
    53.94,
    55.937,
    57.945,
    59.942,
    61.939,
    63.971,
    65.945,
    67.942,
    69.939,
    71.947,
    73.944,
    75.941,
    77.938,
    79.946,
    81.943,
    83.94,
    85.949,
    87.946,
    89.815,
    91.696,
    93.704,
    95.689,
    97.698,
    99.695,
    101.703,
    103.7,
    105.941,
    107.938,
    109.946,
    111.943,
    113.94,
    115.949,
    117.946,
    119.943,
    121.94,
    123.948,
    125.945,
    127.942,
    129.939,
    131.947,
    133.944,
    135.941,
    137.95,
    139.947,
    141.944,
    143.94,
    145.949,
    147.946,
    149.943,
    151.94,
    153.948,
    155.852,
    157.698,
    159.695,
    161.692,
    163.701,
    165.698,
    167.695,
    169.703,
    171.688,
    173.441,
    175.45,
    177.447,
    179.444,
    181.441,
    183.438,
    185.435,
    187.431,
    189.428,
    191.425,
    193.422,
    195.419,
    197.416,
    199.413,
    201.41
  ]
}